{"timestamps": [1519799953.43848, 1519800004.840198, 1519800008.157766, 1519800022.589925, 1519800029.378794, 1519800052.344646, 1519800066.812793, 1519800068.811249, 1519800073.822437, 1519800078.106114, 1519800082.002446, 1519800084.142854, 1519800089.017606, 1519800090.815565, 1519800094.231921, 1519800098.674865, 1519800101.304729, 1519800104.625157, 1519800106.458364, 1519800108.301331, 1519800110.170287, 1519800111.157016, 1519800112.311185, 1519800113.768407, 1519800115.451737, 1519800116.432711, 1519800117.885523, 1519800120.260621, 1519800121.654395, 1519800122.713668, 1519800123.64069, 1519800124.289933, 1519800125.395862, 1519800126.157001, 1519800126.837322, 1519800127.480697, 1519800128.352249, 1519800129.318399, 1519800130.205458, 1519800131.323613, 1519800131.8211, 1519800132.434549, 1519800133.306239, 1519800134.000977, 1519800134.465863, 1519800135.228864, 1519800136.07967, 1519800136.885721, 1519800137.473919, 1519800137.977556, 1519800138.725146, 1519800139.371897, 1519800140.116903, 1519800141.050441, 1519800141.782883, 1519800142.592892, 1519800143.177701, 1519800143.765921, 1519800144.34439, 1519800145.009226, 1519800145.600802, 1519800146.265899, 1519800146.715677, 1519800147.218563, 1519800148.462925, 1519800149.098473, 1519800149.642124, 1519800150.234664, 1519800150.720768, 1519800151.216178, 1519800151.787783, 1519800152.309682, 1519800152.916934, 1519800153.529267, 1519800154.113593, 1519800154.621617, 1519800155.03694, 1519800155.598813, 1519800156.196511, 1519800156.697581, 1519800157.1786, 1519800157.598297, 1519800158.073788, 1519800158.50463, 1519800158.970907, 1519800159.414527, 1519800159.85587, 1519800160.292905, 1519800160.707211, 1519800161.12249, 1519800161.625054, 1519800162.039516, 1519800162.563038, 1519800162.98507, 1519800163.405844, 1519800163.843781, 1519800164.262098, 1519800164.683191, 1519800165.095241, 1519800165.53141, 1519800165.960734, 1519800166.378022, 1519800166.794019, 1519800167.288824, 1519800167.745062, 1519800168.178904, 1519800168.595168, 1519800169.037933, 1519800169.470646, 1519800169.901017, 1519800170.371973, 1519800170.80645, 1519800171.242616, 1519800171.696754, 1519800172.124775, 1519800172.55025, 1519800172.966077, 1519800173.378908, 1519800173.797637], "initial_reset_timestamp": 1519799921.211782, "episode_types": ["t", "t", "t", "t", "t", "t", "t", "t", "t", "t", "t", "t", "t", "t", "t", "t", "t", "t", "t", "t", "t", "t", "t", "t", "t", "t", "t", "t", "t", "t", "t", "t", "t", "t", "t", "t", "t", "t", "t", "t", "t", "t", "t", "t", "t", "t", "t", "t", "t", "t", "t", "t", "t", "t", "t", "t", "t", "t", "t", "t", "t", "t", "t", "t", "t", "t", "t", "t", "t", "t", "t", "t", "t", "t", "t", "t", "t", "t", "t", "t", "t", "t", "t", "t", "t", "t", "t", "t", "t", "t", "t", "t", "t", "t", "t", "t", "t", "t", "t", "t", "t", "t", "t", "t", "t", "t", "t", "t", "t", "t", "t", "t", "t", "t", "t", "t", "t", "t", "t"], "episode_lengths": [640, 1019, 145, 664, 312, 1055, 665, 92, 99, 190, 180, 98, 224, 82, 156, 184, 116, 146, 76, 78, 84, 45, 54, 71, 81, 47, 70, 46, 58, 51, 44, 31, 54, 36, 33, 27, 34, 37, 34, 43, 23, 27, 34, 31, 21, 35, 36, 34, 25, 21, 34, 27, 33, 42, 33, 35, 26, 26, 26, 30, 26, 30, 20, 23, 24, 23, 24, 27, 22, 22, 26, 23, 28, 28, 27, 22, 19, 24, 27, 23, 22, 19, 21, 19, 21, 20, 20, 20, 19, 19, 23, 19, 23, 19, 19, 20, 19, 19, 19, 19, 19, 19, 19, 19, 19, 19, 19, 19, 19, 19, 19, 19, 19, 19, 19, 19, 19, 19, 19], "episode_rewards": [0.36099999999999954, -0.017999999999998684, 0.8559999999999999, 0.3369999999999995, 0.6889999999999998, -0.05399999999999472, 0.3359999999999995, 0.9089999999999999, 0.9019999999999999, 0.8109999999999998, 0.8209999999999998, 0.9029999999999999, 0.7769999999999998, 0.9189999999999999, 0.8449999999999999, 0.8169999999999998, 0.8849999999999999, 0.8549999999999999, 0.9249999999999999, 0.9229999999999999, 0.9169999999999999, 0.956, 0.947, 0.9299999999999999, 0.9199999999999999, 0.954, 0.9309999999999999, 0.955, 0.943, 0.95, 0.957, 0.97, 0.947, 0.965, 0.968, 0.974, 0.967, 0.964, 0.967, 0.958, 0.978, 0.974, 0.967, 0.97, 0.98, 0.966, 0.965, 0.967, 0.976, 0.98, 0.967, 0.974, 0.968, 0.959, 0.968, 0.966, 0.975, 0.975, 0.975, 0.971, 0.975, 0.971, 0.981, 0.978, 0.977, 0.978, 0.977, 0.974, 0.979, 0.979, 0.975, 0.978, 0.973, 0.973, 0.974, 0.979, 0.982, 0.977, 0.974, 0.978, 0.979, 0.982, 0.98, 0.982, 0.98, 0.981, 0.981, 0.981, 0.982, 0.982, 0.978, 0.982, 0.978, 0.982, 0.982, 0.981, 0.982, 0.982, 0.982, 0.982, 0.982, 0.982, 0.982, 0.982, 0.982, 0.982, 0.982, 0.982, 0.982, 0.982, 0.982, 0.982, 0.982, 0.982, 0.982, 0.982, 0.982, 0.982, 0.982]}